"categories,"category_name"
"1998",".Net Programming"
"176","20th Century & Contemporary Classical Music"
"3291","20th Century & Contemporary Classical Music"
"2659","20th Century History: C 1900  To C 2000"
"2661","21st Century History: From C 2000 -"
"1992","2D Graphics: Games Programming"
"1943","3D Graphics & Modelling"
"1993","3D Graphics: Games Programming"
"2472","ABC"
"768","Abnormal Psychology"
"2023","Access"
"1379","Accident & Emergency Medicine"
"1422","Accident & Emergency Nursing"
"957","Accounting"
"1932","Accounting Software"
"963","Accounting: Study & Revision Guides"
"1856","Acoustic & Sound Engineering"
"391","Acquisitions & Collection Development"
"127","Acting Techniques"
"3091","Active Outdoor Pursuits"
"2461","Activity Books"
"1400","Addiction & Therapy"
"797","Admissions Procedures"
"3342","Admissions Procedures"
"2794","Adoption"
"725","Adoption & Fostering"
"359","Adult & Contemporary Romance"
"2631","Adult & Contemporary Romance"
"819","Adult Education, Continuous Learning"
"3364","Adult Education, Continuous Learning"
"2810","Adult Literacy Guides & Handbooks"
"2811","Adult Numeracy Guides & Handbooks"
"342","Adventure Books"
"2491","Adventure Books for Kids"
"3101","Adventure Holidays"
"1011","Advertising"
"642","Advertising & Society"
"1089","Advertising Industry"
"2804","Advice On Careers & Achieving Success"
"2809","Advice On Education"
"2797","Advice On Parenting"
"1111","Advocacy"
"91","Aerial Photography"
"1765","Aerodynamics"
"1063","Aerospace & Air Transport Industries"
"1852","Aerospace & Aviation Technology"
"2694","Afghan War"
"2648","African History"
"695","Age Groups"
"697","Age Groups: Adolescents"
"698","Age Groups: Adults"
"696","Age Groups: Children"
"699","Age Groups: The Elderly"
"3235","Agnosticism & Atheism"
"1878","Agricultural Engineering & Machinery"
"1215","Agricultural Law"
"1877","Agricultural Science"
"1876","Agriculture & Farming"
"1035","Agriculture & Related Industries"
"1887","Agronomy & Crop Production"
"731","Aid & Relief Programmes"
"899","Air Forces & Warfare"
"3023","Air Sports & Recreations"
"2977","Aircraft"
"2886","Alcoholic Beverages"
"1484","Algebra"
"1503","Algebraic Geometry"
"1506","Algebraic Topology"
"1985","Algorithms & Data Structures"
"1338","Allergies"
"1045","Alternative & Renewable Energy Industries"
"1791","Alternative & Renewable Energy Sources & Technology"
"3233","Alternative Belief Systems"
"2684","American Civil War"
"3044","American Football"
"2682","American War Of Independence"
"1641","Amphibians"
"1363","Anaesthetics"
"1502","Analytic Geometry"
"1507","Analytic Topology"
"753","Analytical & Jungian Psychology"
"1574","Analytical Chemistry"
"1544","Analytical Mechanics"
"2730","Analytical Philosophy & Logical Positivism"
"844","Anarchism"
"1307","Anatomy"
"3211","Ancient Egyptian Religion & Mythology"
"2653","Ancient History: To C 500 CE"
"3210","Ancient Religions & Mythologies"
"3142","Anglican & Episcopalian Churches, Church Of England"
"1632","Animal Behaviour"
"1883","Animal Breeding"
"1633","Animal Ecology"
"1882","Animal Husbandry"
"1216","Animal Law"
"1631","Animal Pathology & Diseases"
"1629","Animal Physiology"
"1630","Animal Reproduction"
"2500","Animal Stories"
"76","Animals & Nature In Art (still Life, Landscapes & Seascapes, Etc)"
"666","Animals & Society"
"140","Animated Films"
"3255","Animated Films"
"2485","Annuals"
"2484","Annuals, Anthologies & Poetry"
"2486","Anthologies"
"292","Anthologies (non-poetry)"
"718","Anthropology"
"2898","Antique Clocks, Watches, Musical Boxes & Automata"
"2900","Antique Furniture / Furniture Collecting"
"2893","Antiques & Collectables"
"2904","Antiques & Collectables: Books, Manuscripts, Ephemera & Printed Matter"
"2894","Antiques & Collectables: Buyer's Guides"
"2906","Antiques & Collectables: Carpets, Rugs & Textiles"
"2901","Antiques & Collectables: Ceramics & Glass"
"2903","Antiques & Collectables: Gold & Silver (other Than Jewellery)"
"2902","Antiques & Collectables: Jewellery"
"2905","Antiques & Collectables: Pictures, Prints & Maps"
"2908","Antiques & Collectables: Scientific & Musical Instruments"
"2907","Antiques & Collectables: Toys, Games & Models"
"1885","Apiculture (beekeeping)"
"1689","Applied Ecology"
"311","Applied Linguistics For ELT"
"1513","Applied Mathematics"
"1857","Applied Optics"
"1565","Applied Physics"
"1896","Aquaculture & Fish-farming: Practice & Techniques"
"1637","Arachnids"
"1155","Arbitration, Mediation & Alternative Dispute Resolution"
"2708","Archaeological Methodology & Techniques"
"2697","Archaeological Theory"
"2696","Archaeology"
"2698","Archaeology By Period / Region"
"3088","Archery"
"110","Architectural Structure & Design"
"107","Architecture"
"112","Architecture: Professional Practice"
"1669","Arid Zones, Deserts"
"1054","Armaments Industries"
"892","Armed Conflict"
"867","Arms Negotiation & Control"
"2833","Aromatherapy & Essential Oils"
"2509","Art"
"2554","Art & Design"
"2","Art & Photography"
"3","Art Books"
"7","Art Finance"
"42","Art Forms"
"8","Art History"
"15","Art History: Ancient & Classical BCE to c 500 CE"
"16","Art History: Byzantine & Medieval c 500 CE to c 1400"
"37","Art History: From c 1960"
"14","Art History: Pre-History"
"18","Art History: Renaissance"
"17","Art History: c 1400 to c 1600"
"20","Art History: c 1600 to c 1800"
"23","Art History: c 1800 to c 1900"
"29","Art History: c 1900 -"
"30","Art History: c 1900 to 1960"
"5","Art Resoration"
"80","Art Techniques & Principles"
"4","Art Theory"
"68","Art Treatments & Subjects"
"2063","Artificial Intelligence"
"2646","Asian History"
"3216","Aspects Of Religion (non-Christian)"
"2061","Assembly Languages"
"2570","Assembly Resource Material"
"2813","Assertiveness, Motivation & Self-esteem"
"2845","Astral Projection & Out-of-body Experiences"
"2822","Astrology"
"1863","Astronautics"
"1539","Astronomical Charts & Atlases"
"1535","Astronomical Observation: Observatories, Equipment & Methods"
"1533","Astronomy, Space & Time"
"1566","Astrophysics"
"1179","Asylum Law"
"2547","Athletics & Gymnastics (Children's/YA)"
"2595","Atlases"
"1569","Atmospheric Physics"
"1558","Atomic & Molecular Physics"
"2073","Audio Processing"
"1351","Audiology & Otology"
"2650","Australasian & Pacific History"
"3038","Australian Rules Football"
"219","Autobiography: Arts & Entertainment"
"217","Autobiography: Business & Industry"
"215","Autobiography: General"
"221","Autobiography: Historical, Political & Military"
"223","Autobiography: Literary"
"231","Autobiography: Religious & Spiritual"
"225","Autobiography: Royalty"
"229","Autobiography: Science, Technology & Engineering"
"227","Autobiography: Sport"
"1799","Automatic Control Engineering"
"390","Automation Of Library & Information Processes"
"1844","Automotive (motor Mechanic) Skills"
"1843","Automotive Technology & Trades"
"1166","Aviation Law"
"1058","Aviation Manufacturing Industry"
"1853","Aviation Skills / Piloting"
"2839","Ayurvedic Therapies"
"2458","Baby Books"
"2799","Baby Names"
"1614","Bacteriology (non-medical)"
"3024","Ball Games"
"151","Ballet"
"3266","Ballet"
"2513","Ballet & Dance"
"152","Ballroom Dancing"
"3267","Ballroom Dancing"
"968","Banking"
"976","Banking & Finance: Study & Revision Guides"
"1230","Banking Law"
"1231","Bankruptcy & Insolvency"
"3045","Baseball"
"3036","Basketball"
"2949","Batik & Tie-dye"
"2519","Battles"
"907","Battles & Campaigns"
"2888","Beers"
"942","Behavioural Economics"
"2756","Behavioural Economics"
"754","Behavioural Theory (Behaviourism)"
"2885","Beverages"
"3157","Bible Readings, Selections & Meditations"
"2533","Bible Stories"
"3156","Bible Studies: For Individual Or Small Group Study"
"3149","Bibles"
"2701","Biblical Archaeology"
"3153","Biblical Commentaries"
"3154","Biblical Concordances"
"3155","Biblical Exegesis & Hermeneutics"
"3152","Biblical Studies & Exegesis"
"392","Bibliographic & Subject Control"
"381","Bibliographies, Catalogues, Discographies"
"243","Bilingual & Multilingual Dictionaries"
"259","Bilingualism & Multilingualism"
"1596","Bio-ethics"
"1721","Biochemical Engineering"
"1607","Biochemical Immunology"
"1603","Biochemistry"
"1690","Biodiversity"
"1680","Biogeography"
"213","Biography"
"218","Biography: Arts & Entertainment"
"216","Biography: Business & Industry"
"214","Biography: General"
"220","Biography: Historical, Political & Military"
"222","Biography: Literary"
"230","Biography: Religious & Spiritual"
"224","Biography: Royalty"
"228","Biography: Science, Technology & Engineering"
"226","Biography: Sport"
"2578","Biology"
"1593","Biology, Life Sciences"
"1316","Biomechanics, Human Kinetics"
"1446","Biomedical Engineering"
"1570","Biophysics"
"1724","Biosensors"
"1722","Biotechnology"
"1053","Biotechnology Industries"
"1643","Birds (ornithology)"
"3003","Birds, Including Cage Birds, As Pets"
"1295","Birth Control, Contraception, Family Planning"
"692","Black & Asian Studies"
"3131","Blasphemy, Heresy, Apostasy"
"185","Blues"
"3300","Blues"
"3069","Boating"
"67","Body Art & Tattooing"
"3079","Bodybuilding"
"2934","Bonsai"
"2960","Book & Paper Crafts"
"77","Botanical Art"
"1622","Botany & Plant Sciences"
"3047","Bowls, Bowling, Petanque"
"3075","Boxing"
"182","Brass Band, Military Music & Marches"
"3297","Brass Band, Military Music & Marches"
"1816","Bridges"
"2645","British & Irish History"
"3181","Buddhist Books"
"3182","Buddhist Worship, Rites & Ceremonies"
"995","Budgeting & Financial Management"
"1823","Building Construction & Materials"
"1828","Building Skills & Trades"
"2535","Buildings"
"2599","Bullying & Abuse"
"793","Bullying & Anti-bullying Strategies"
"3338","Bullying & Anti-bullying Strategies"
"1381","Burns"
"2970","Buses, Trams & Commercial"
"977","Business & Management"
"979","Business & Management: Study & Revision Guides"
"1917","Business Applications"
"1005","Business Communication & Presentation"
"983","Business Competition"
"984","Business Ethics"
"981","Business Innovation"
"1006","Business Mathematics & Systems"
"1004","Business Negotiation"
"980","Business Strategy"
"2585","Business Studies"
"978","Business Studies: General"
"3102","Business Travel"
"928","Business, Finance & Law"
"2883","Cakes, Baking, Icing & Sugarcraft"
"1489","Calculus"
"1488","Calculus & Mathematical Analysis"
"1495","Calculus Of Variations"
"3144","Calvinist, Reformed & Presbyterian Churches"
"3096","Camping & Woodcraft"
"3072","Canoeing & Kayaking"
"1232","Capital Markets & Securities Law & Regulation"
"3059","Car Racing"
"3106","Caravan & Camp-site Guides"
"1605","Carbohydrates"
"1406","Cardiothoracic Surgery"
"1339","Cardiovascular Medicine"
"2895","Care & Restoration Of Antiques"
"726","Care Of The Elderly"
"727","Care Of The Mentally Ill"
"821","Careers Guidance"
"3366","Careers Guidance"
"1830","Carpentry"
"1683","Cartography, Map-making & Projections"
"2539","Cartoons"
"2979","Cartoons & Comic Strips"
"2959","Carving & Modelling, Moulding & Casting"
"53","Carvings: Artworks"
"1276","Case Law"
"119","Castles & Fortifications"
"1584","Catalysis"
"2998","Cats As Pets"
"737","Causes & Prevention Of Crime"
"131","Celebrity Biographies & Books"
"2860","Celebrity Chefs"
"1612","Cellular Biology (cytology)"
"1313","Cellular Physiology"
"3212","Celtic Religion & Mythology"
"861","Central Government"
"862","Central Government Policies"
"1736","Ceramics & Glass Technology"
"59","Ceramics: Artworks"
"1888","Cereal Crops"
"2844","Chakras, Auras & Spiritual Energy"
"203","Chamber Ensembles"
"3318","Chamber Ensembles"
"1517","Chaos Theory"
"2459","Characters"
"729","Charities, Voluntary Services & Philanthropy"
"910","Chemical & Biological Weapons"
"1727","Chemical Engineering"
"1048","Chemical Industries"
"1571","Chemical Physics"
"1573","Chemistry Books"
"1336","Chemotherapy"
"759","Child & Developmental Psychology"
"650","Child Abuse"
"2800","Child Care & Upbringing"
"724","Child Welfare"
"2455","Children's Books"
"2576","Children's Buddhist Books"
"2571","Children's Christian Books"
"2488","Children's Fiction"
"2562","Children's Foreign Language Books"
"2592","Children's Foreign Language Dictionaries"
"2529","Children's Gardening Books"
"2490","Children's General Story Books"
"2563","Children's Geography Books"
"2597","Children's Health Books"
"2540","Children's Hobby & Gaming Books"
"307","Children's Literature Studies: General"
"2510","Children's Music Books"
"2589","Children's Reference Books"
"2613","Children's Religious Books"
"2543","Children's Sports Books"
"2615","Children's Stationery"
"2838","Chinese Medicine & Acupuncture"
"1437","Chiropody & Podiatry"
"1457","Chiropractic & Osteopathy"
"177","Choral Music"
"3292","Choral Music"
"150","Choreography"
"3265","Choreography"
"3172","Christian Aspects Of Sexuality, Gender & Relationships"
"3134","Christian Books"
"3136","Christian Churches & Denominations"
"3179","Christian Communities & Monasticism"
"3171","Christian Counselling"
"3161","Christian Hymnals"
"3174","Christian Institutions & Organizations"
"3170","Christian Instruction"
"3175","Christian Leaders & Leadership"
"3168","Christian Life & Practice"
"3159","Christian Liturgy, Prayerbooks & Hymnals"
"3176","Christian Ministry & Pastoral Activity"
"3178","Christian Mission & Evangelism"
"3165","Christian Prayer"
"3160","Christian Prayerbooks"
"3169","Christian Sacraments"
"3163","Christian Sermons"
"3177","Christian Social Thought & Activity"
"3166","Christian Spirituality & Religious Experience"
"3162","Christian Theology"
"3164","Christian Worship, Rites & Ceremonies"
"1575","Chromatography"
"3138","Church History"
"2891","Cigars & Smoking"
"1080","Cinema Industry"
"89","Cinematography, Television Camerawork"
"1794","Circuits & Components"
"395","Circulation Services (eg Interlibrary Loans)"
"163","Circus"
"3278","Circus"
"1177","Citizenship & Nationality Law"
"2567","Citizenship & Social Education"
"123","City & Town Planning - Architectural Aspects"
"1102","Civil Codes / Civil Law"
"905","Civil Defence"
"1810","Civil Engineering, Surveying & Building"
"1149","Civil Procedure, Litigation & Dispute Resolution"
"1154","Civil Procedure: Law Of Evidence"
"1150","Civil Remedies"
"875","Civil Rights & Citizenship"
"1090","Civil Service & Public Sector"
"2830","Clairvoyance & Precognition"
"335","Classic Books & Novels"
"2489","Classic Books for Children"
"351","Classic Horror"
"2625","Classic Horror"
"353","Classic Science Fiction"
"2627","Classic Science Fiction"
"3113","Classic Travel Writing"
"2702","Classical Greek & Roman Archaeology"
"2654","Classical History / Classical Civilisation"
"1542","Classical Mechanics"
"2046","Client-Server Networking"
"3093","Climbing & Mountaineering"
"1324","Clinical & Internal Medicine"
"1377","Clinical Psychology"
"1287","Clinical Trials"
"1749","Clocks, Chronometers & Watches (horology)"
"1040","Coal & Solid Fuel Industries"
"403","Coding Theory & Cryptology"
"770","Cognition & Cognitive Psychology"
"756","Cognitivism, Cognitive Theory"
"2896","Coins, Banknotes, Medals, Seals (numismatics)"
"2676","Cold War"
"1937","Collaboration & Group Software"
"49","Collage & Photomontage"
"815","Colleges Of Further Education"
"3360","Colleges Of Further Education"
"816","Colleges Of Higher Education"
"3361","Colleges Of Higher Education"
"1583","Colloid Chemistry"
"13","Colonial Art"
"2670","Colonialism & Imperialism"
"2462","Colouring & Painting Books"
"2477","Colours"
"3074","Combat Sports & Self-defence"
"1512","Combinatorics & Graph Theory"
"98","Comic Book & Cartoon Art"
"1160","Commercial Law"
"971","Commodities"
"1101","Common Law"
"409","Communication Studies"
"2716","Communication Studies"
"1802","Communications Engineering / Telecommunications"
"396","Community & Outreach Services"
"1431","Community Nursing"
"1167","Company Law"
"1009","Company Secretary: Role & Responsibilities"
"1159","Company, Commercial & Competition Law"
"1106","Comparative Law"
"842","Comparative Politics"
"3124","Comparative Religion"
"1170","Competition Law / Antitrust Law"
"1986","Compilers"
"1456","Complementary Medicine"
"2831","Complementary Therapies, Healing & Health"
"1491","Complex Analysis, Complex Variables"
"269","Computational Linguistics"
"1771","Computer Aided Manufacture (CAM)"
"2060","Computer Architecture & Logic Design"
"2031","Computer Certification"
"2036","Computer Certification: CLAiT"
"2033","Computer Certification: Cisco"
"2035","Computer Certification: CompTia"
"2034","Computer Certification: ECDL"
"2032","Computer Certification: Microsoft (eg MCSE)"
"2039","Computer Fraud & Hacking"
"2542","Computer Game Guides"
"1942","Computer Games Design"
"1949","Computer Hardware"
"2045","Computer Networking & Communications"
"1983","Computer Programming / Software Development"
"2056","Computer Science"
"2037","Computer Security"
"2040","Computer Viruses, Trojans & Worms"
"2070","Computer Vision"
"1940","Computer-aided Design (CAD)"
"1897","Computing"
"1898","Computing: General"
"114","Concert Halls, Arenas, Stadia"
"1552","Condensed Matter Physics (liquid State & Solid State Physics)"
"1328","Congenital Diseases & Disorders"
"158","Conjuring & Magic"
"3273","Conjuring & Magic"
"1827","Conservation Of Buildings & Building Materials"
"1694","Conservation Of The Environment"
"1695","Conservation Of Wildlife & Habitats"
"848","Conservatism & Right-of-centre Democratic Ideologies"
"668","Conspiracy Theories"
"853","Constitution: Government & The State"
"1176","Constitutional & Administrative Law"
"1174","Construction & Engineering Law"
"1065","Construction & Heavy Industry"
"1066","Construction Industry"
"987","Consultancy & Grants For Businesses"
"2807","Consumer Advice"
"1263","Consumer Protection Law"
"665","Consumerism"
"2939","Container Gardening"
"153","Contemporary Dance"
"3268","Contemporary Dance"
"334","Contemporary Fiction"
"1171","Contract Law"
"1248","Conveyancing Law"
"2870","Cookery By Ingredient"
"2878","Cookery Dishes & Courses"
"2864","Cookery For Dietary Conditions"
"2861","Cooking For One"
"2868","Cooking For Parties"
"2867","Cooking For/with Children"
"2872","Cooking With Chicken & Other Poultry"
"2876","Cooking With Dairy Products"
"2873","Cooking With Fish & Seafood"
"2874","Cooking With Herbs & Spices"
"2871","Cooking With Meat & Game"
"2783","Coping With Anxiety & Phobias"
"2785","Coping With Death & Bereavement"
"2779","Coping With Disability"
"2782","Coping With Drug & Alcohol Abuse"
"2781","Coping With Eating Disorders"
"2778","Coping With Illness"
"2780","Coping With Old Age"
"2777","Coping With Personal Problems"
"2784","Coping With Stress"
"1239","Copyright Law"
"1674","Coral Reefs"
"742","Corporate Crime"
"967","Corporate Finance"
"1007","Corporate Governance & Responsibilities"
"1266","Corporate Tax"
"1412","Cosmetic Surgery"
"1733","Cosmetics Technology"
"2911","Cosmetics, Hair & Beauty"
"1536","Cosmology & The Universe"
"730","Counselling & Advice Services"
"186","Country & Western Music"
"3301","Country & Western Music"
"2995","Countryside, Country Life"
"1146","Courts & Procedure"
"2942","Crafts & Hobbies"
"1442","Creative Therapy (eg Art, Music, Drama)"
"247","Creative Writing & Creative Writing Guides"
"969","Credit & Credit Institutions"
"3027","Cricket"
"336","Crime"
"736","Crime & Criminology"
"2617","Crime Fiction"
"2685","Crimean War"
"738","Criminal Investigation & Detection"
"1191","Criminal Justice Law"
"1190","Criminal Law & Procedure"
"765","Criminal Or Forensic Psychology"
"1201","Criminal Procedure"
"1203","Criminal Procedure: Law Of Evidence"
"1109","Criminology: Legal Aspects"
"1409","Critical Care Surgery"
"3110","Cruises"
"1636","Crustaceans"
"1591","Crystallography"
"2843","Crystals & Colour-healing"
"634","Cultural Studies"
"798","Curriculum Planning & Development"
"3343","Curriculum Planning & Development"
"1014","Customer Services"
"401","Cybernetics & Systems Theory"
"3063","Cycling"
"2549","Cycling, Boarding & Skating (Children's/YA)"
"1369","Cytopathology"
"2919","DIY: Carpentry & Woodworking"
"2917","DIY: General"
"2918","DIY: House Maintenance Manuals"
"1601","DNA & Genome"
"1884","Dairy Farming"
"1818","Dams & Reservoirs"
"149","Dance"
"3264","Dance"
"148","Dance & Other Performing Arts"
"3263","Dance & Other Performing Arts"
"402","Data Analysis: General"
"2014","Data Capture & Analysis"
"2044","Data Encryption"
"2016","Data Mining"
"1237","Data Protection Law"
"2015","Data Warehousing"
"2012","Database Design & Theory"
"2003","Database Programming"
"2021","Database Software"
"2011","Databases"
"2020","Databases & The Web"
"2793","Dating, Relationships, Living Together & Marriage"
"2604","Death & Bereavement"
"1971","Debian"
"404","Decision Theory: General"
"2731","Deconstructionism, Structuralism, Post-structuralism"
"62","Decorative Arts"
"2955","Decorative Finishes & Surfaces"
"2956","Decorative Wood & Metalwork"
"902","Defence Strategy, Planning & Research"
"1698","Deforestation"
"1673","Deltas, Estuaries, Coastal Regions"
"885","Demonstrations & Protest Movements"
"1366","Dentistry"
"1346","Dermatology"
"2582","Design & Technology"
"1941","Desktop Publishing"
"2882","Desserts"
"1729","Detergents Technology"
"947","Development Economics"
"2761","Development Economics"
"411","Development Studies"
"2718","Development Studies"
"1610","Developmental Biology"
"1343","Diabetes"
"261","Dialect, Slang & Jargon"
"232","Diaries, Letters & Journals"
"242","Dictionaries & Dictionary Books"
"240","Dictionaries & Languages"
"379","Dictionaries Of Biography (Who's Who)"
"380","Dictionaries Of Quotations"
"2590","Dictionaries for Kids"
"1294","Dietetics & Nutrition"
"2788","Diets & Dieting"
"1501","Differential & Riemannian Geometry"
"1493","Differential Calculus & Equations"
"1946","Digital Animation"
"1902","Digital Lifestyle"
"1911","Digital Music: Consumer/user Guides"
"1945","Digital Music: Professional"
"1912","Digital Photography: Consumer/user Guides"
"1915","Digital TV & Media Centres: Consumer/user Guides"
"1948","Digital Video: Professional"
"2523","Dinosaurs"
"2986","Dinosaurs & The Prehistoric World"
"866","Diplomacy"
"1121","Diplomatic Law"
"383","Directories"
"2606","Disability"
"1261","Disability & The Law"
"653","Disability: Social Aspects"
"168","Discographies & Buyer's Guides"
"3283","Discographies & Buyer's Guides"
"1483","Discrete Mathematics"
"1206","Discrimination In Employment Law"
"1327","Diseases & Disorders"
"1311","Dissection"
"2019","Distributed Databases"
"2052","Distributed Systems"
"1003","Distribution & Warehousing Management"
"1068","Distributive Industries"
"1283","Doctor/patient Relationship"
"139","Documentary Films"
"3254","Documentary Films"
"3000","Dog Obedience & Training"
"2999","Dogs As Pets"
"2997","Domestic Animals & Pets"
"934","Domestic Trade"
"2748","Domestic Trade"
"652","Domestic Violence"
"2512","Drama"
"46","Drawing"
"2841","Dreams & Their Interpretation"
"1692","Drought & Water Supply"
"655","Drug & Substance Abuse: Social Aspects"
"3021","Drug Abuse In Sport"
"780","Drug-induced States"
"2605","Drugs & Addiction"
"740","Drugs Trade / Drug Trafficking"
"1547","Dynamics & Statics"
"1762","Dynamics & Vibration"
"1162","E-commerce Law"
"982","E-commerce: Business Aspects"
"2055","EDI (electronic Data Interchange)"
"309","ELT Background & Reference Material"
"317","ELT Background Readers"
"313","ELT Dictionaries & Reference"
"322","ELT Examination Practice Tests"
"316","ELT Graded Readers"
"315","ELT Grammar & Vocabulary"
"318","ELT Literature & Fiction Readers"
"319","ELT Non-book Material & Resources"
"312","ELT Resource Books For Teachers"
"321","ELT Self-study Texts"
"320","ELT Workbooks, Practice Books & Exercises"
"330","ELT: English For Academic Purposes"
"329","ELT: English For Business"
"328","ELT: English For Specific Purposes"
"332","ELT: English For Travel & Communications"
"314","ELT: Learning Material & Coursework"
"325","ELT: Listening Skills"
"326","ELT: Reading Skills"
"324","ELT: Speaking / Pronunciation Skills"
"323","ELT: Specific Skills"
"310","ELT: Teaching Theory & Methods"
"327","ELT: Writing Skills"
"872","EU & European Institutions"
"2655","Early History: C 500 To C 1450/1500"
"2471","Early Learning"
"1649","Early Man"
"2657","Early Modern History: C 1450/1500 To C 1700"
"171","Early Music (up To C 1000 CE)"
"3286","Early Music (up To C 1000 CE)"
"1652","Earth Sciences"
"1651","Earth Sciences, Geography, Environment, Planning"
"3010","Earth: Natural History General"
"1815","Earthquake Engineering"
"188","Easy Listening, MOR Music"
"3303","Easy Listening, MOR Music"
"1397","Eating Disorders & Therapy"
"1105","Ecclesiastical (canon) Law"
"3236","Eclectic & Esoteric Religions & Belief Systems"
"3103","Eco-tourist Guides"
"1597","Ecological Science, The Biosphere"
"939","Econometrics"
"2753","Econometrics"
"941","Economic Forecasting"
"2755","Economic Forecasting"
"1677","Economic Geography"
"1661","Economic Geology"
"938","Economic Growth"
"2752","Economic Growth"
"955","Economic History"
"2769","Economic History"
"940","Economic Statistics"
"2754","Economic Statistics"
"952","Economic Systems & Structures"
"2766","Economic Systems & Structures"
"930","Economic Theory & Philosophy"
"2744","Economic Theory & Philosophy"
"929","Economics"
"2743","Economics"
"935","Economics Of Industrial Organisation"
"2749","Economics Of Industrial Organisation"
"3158","Ecumenism"
"2553","Education"
"1254","Education & The Law"
"792","Education: Care & Counselling Of Students"
"3337","Education: Care & Counselling Of Students"
"836","Educational Equipment & Technology, Computer-aided Learning (CAL)"
"3381","Educational Equipment & Technology, Computer-aided Learning (CAL)"
"786","Educational Psychology"
"3331","Educational Psychology"
"787","Educational Strategies & Policy"
"3332","Educational Strategies & Policy"
"838","Educational Visits & Field Trips"
"3383","Educational Visits & Field Trips"
"2700","Egyptian Archaeology / Egyptology"
"1188","Election Law"
"854","Elections & Referenda"
"1789","Electric Motors"
"1784","Electrical Engineering"
"1790","Electrician Skills"
"1557","Electricity, Electromagnetism & Magnetism"
"1585","Electrochemistry & Magnetochemistry"
"57","Electronic & Video Art"
"1795","Electronic Devices & Materials"
"2049","Electronic Mail (email): Professional"
"195","Electronic Music"
"3310","Electronic Music"
"210","Electronic Musical Instruments"
"3325","Electronic Musical Instruments"
"1792","Electronics & Communications Engineering"
"1793","Electronics Engineering"
"1909","Email: Consumer/user Guides"
"2945","Embroidery Crafts"
"1320","Embryology"
"732","Emergency Services"
"1026","Employee-ownership & Co-operatives"
"1205","Employment & Labour Law"
"937","Employment & Unemployment"
"2751","Employment & Unemployment"
"2593","Encyclopaedias"
"376","Encyclopaedias & Reference Works"
"1696","Endangered Species & Extinction Of Species"
"1342","Endocrinology"
"1549","Energy"
"1175","Energy & Natural Resources Law"
"1788","Energy Conversion & Storage"
"1039","Energy Industries & Utilities"
"1777","Energy Technology & Engineering"
"1713","Engineering Graphics & Technical Drawing"
"1716","Engineering Measurement & Calibration"
"1774","Engineering Skills & Trades"
"1760","Engineering Thermodynamics"
"1710","Engineering: General"
"1757","Engines & Power Transmission"
"2681","English Civil War"
"2556","English Language"
"2558","English Language: Reading & Writing Skills"
"2557","English Language: Reading Schemes"
"2560","English Literature"
"1933","Enterprise Software"
"1210","Entertainment & Media Law"
"985","Entrepreneurship"
"1686","Environment"
"1217","Environment Law"
"1214","Environment, Transport & Planning Law"
"2705","Environmental Archaeology"
"948","Environmental Economics"
"2762","Environmental Economics"
"1293","Environmental Factors"
"1390","Environmental Medicine"
"1834","Environmental Monitoring"
"1833","Environmental Science, Engineering & Technology"
"1687","Environmentalist Thought & Ideology"
"1688","Environmentalist, Conservationist & Green Organizations"
"111","Environmentally-friendly Architecture & Design"
"1609","Enzymology"
"1297","Epidemiology & Medical Statistics"
"3054","Equestrian & Animal Sports"
"1461","Equine Veterinary Medicine"
"1222","Equity & Trusts"
"1712","Ergonomics"
"86","Erotic & Nude Photography"
"74","Erotic Art"
"356","Erotic Fiction"
"340","Espionage"
"2621","Espionage"
"868","Espionage & Secret Services"
"1900","Ethical & Social Aspects Of Computing"
"671","Ethical Issues & Debates"
"672","Ethical Issues: Abortion & Birth Control"
"674","Ethical Issues: Censorship"
"677","Ethical Issues: Pornography & Obscenity"
"678","Ethical Issues: Prostitution & Sex Industry"
"676","Ethical Issues: Scientific & Technological Developments"
"2740","Ethics & Moral Philosophy"
"691","Ethnic Minorities & Multicultural Studies"
"690","Ethnic Studies"
"1499","Euclidean Geometry"
"2644","European History"
"3014","Events & Organisations"
"1599","Evolution"
"1326","Examination Of Patients"
"799","Examinations & Assessment"
"3344","Examinations & Assessment"
"1926","Excel"
"795","Exclusions / Dropping Out Of School"
"3340","Exclusions / Dropping Out Of School"
"2789","Exercise & Workout Books"
"70","Exhibition Catalogues & Specific Collections"
"3114","Expeditions"
"766","Experimental Psychology"
"2064","Expert Systems / Knowledge-based Systems"
"1866","Explosives Technology & Pyrotechnics"
"837","Extra-curricular Activities"
"3382","Extra-curricular Activities"
"3022","Extreme Sports"
"813","Faith (religious) Schools"
"3358","Faith (religious) Schools"
"2499","Family"
"2791","Family & Relationships"
"2601","Family Break-Up"
"2600","Family Issues"
"1223","Family Law"
"1227","Family Law: Children"
"1224","Family Law: Marriage & Divorce"
"761","Family Psychology"
"647","Famine"
"355","Fantasy"
"2629","Fantasy Books"
"2496","Fantasy Books for Kids"
"2996","Farm & Working Animals"
"2525","Farm Animals"
"850","Fascism & Nazism"
"1078","Fashion & Beauty Industries"
"637","Fashion & Society"
"2910","Fashion & Style Guides"
"103","Fashion & Textiles: Design"
"104","Fashion Design & Theory"
"658","Feminism & Feminist Theory"
"2852","Feng Shui"
"1858","Fibre Optics"
"333","Fiction Books"
"371","Fiction In Translation"
"2561","Fiction Texts"
"369","Fiction: Special Features"
"3085","Field Sports: Fishing, Hunting, Shooting"
"137","Film Guides & Reviews"
"3252","Film Guides & Reviews"
"141","Film Production: Technical & Background Skills"
"3256","Film Production: Technical & Background Skills"
"136","Film Scripts & Screenplays"
"3251","Film Scripts & Screenplays"
"134","Film Theory & Criticism"
"3249","Film Theory & Criticism"
"138","Film: Styles & Genres"
"3253","Film: Styles & Genres"
"133","Films, Cinema"
"3248","Films, Cinema"
"964","Finance"
"956","Finance & Accounting"
"959","Financial Accounting"
"954","Financial Crises & Disasters"
"2768","Financial Crises & Disasters"
"1228","Financial Law"
"1077","Financial Services Industry"
"1233","Financial Services Law & Regulation"
"1824","Fire Protection & Safety"
"734","Fire Services"
"1435","First Aid & Paramedical Services"
"2773","First Aid For The Home"
"2482","First Experiences"
"2473","First Words"
"1036","Fisheries & Related Industries"
"3001","Fishes & Aquaria"
"1640","Fishes (ichthyology)"
"3086","Fishing, Angling"
"2787","Fitness & Diet"
"1820","Flood Control"
"1767","Flow, Turbulence, Rheology"
"2966","Flower Arranging & Floral Crafts"
"1545","Fluid Mechanics"
"183","Folk & Traditional Music"
"3298","Folk & Traditional Music"
"63","Folk Art"
"154","Folk Dancing"
"3269","Folk Dancing"
"669","Folklore, Myths & Legends"
"1738","Food & Beverage Technology"
"2528","Food & Cookery"
"2858","Food & Drink"
"638","Food & Society"
"1050","Food Manufacturing & Related Industries"
"2583","Food Technology"
"3025","Football (Soccer, Association Football)"
"2544","Football / Soccer (Children's/YA)"
"1389","Forensic Medicine"
"739","Forensic Science"
"1037","Forestry & Related Industries"
"1893","Forestry & Silviculture: Practice & Techniques"
"1672","Forests, Rainforests"
"6","Forgery"
"3060","Formula 1 & Grand Prix"
"2821","Fortune-telling & Divination"
"1778","Fossil Fuel Technologies"
"1504","Fractal Geometry"
"1020","Franchises"
"1182","Freedom Of Expression Law"
"876","Freedom Of Information & Freedom Of Speech"
"1183","Freedom Of Information Law"
"705","Freemasonry & Secret Societies"
"2674","French Revolution"
"1619","Freshwater Biology, Limnology"
"2994","Freshwater Life"
"1492","Functional Analysis & Transforms"
"801","Funding Of Education & Student Finance"
"3346","Funding Of Education & Student Finance"
"2978","Funny Books & Stories"
"2501","Funny Books for Kids"
"1751","Furniture & Furnishings Manufacture"
"102","Furniture Design"
"1518","Fuzzy Set Theory"
"1537","Galaxies & Stars"
"1510","Game Theory"
"1991","Games Development & Programming"
"1916","Games Strategy Guides"
"2924","Garden Design & Planning"
"2922","Gardening Books"
"2938","Gardening With Native Plants"
"2927","Gardening: Flowers"
"2928","Gardening: Growing Fruit & Vegetables"
"2929","Gardening: Herbs"
"2926","Gardening: Plants"
"2931","Gardening: Shrubs & Trees"
"2923","Gardens (descriptions, History Etc)"
"1041","Gas Industries"
"1779","Gas Technology"
"1344","Gastroenterology"
"1405","Gastrointestinal & Colorectal Surgery"
"687","Gay & Lesbian Studies"
"689","Gay Studies (Gay Men)"
"1108","Gender & The Law"
"683","Gender Studies, Gender Groups"
"685","Gender Studies: Men"
"686","Gender Studies: Transsexuals & Hermaphroditism"
"684","Gender Studies: Women"
"1361","Gene Therapy"
"2713","Genealogy"
"2665","Genealogy, Heraldry, Names & Honours"
"2642","General & World History"
"2859","General Cookery"
"377","General Encyclopaedias"
"2516","General Knowledge"
"1299","General Practice"
"2594","General Reference"
"2587","General Study Books"
"1404","General Surgery"
"1723","Genetic Engineering"
"1600","Genetics (non-medical)"
"2677","Genocide & Ethnic Cleansing"
"1660","Geochemistry"
"1681","Geographical Discovery & Exploration"
"1684","Geographical Information Systems (GIS) & Remote Sensing"
"1682","Geographical Maps (specialist)"
"385","Geographical Reference"
"1667","Geography Books"
"1656","Geological Surface Processes (geomorphology)"
"1654","Geology & The Lithosphere"
"1497","Geometry"
"1568","Geophysics"
"869","Geopolitics"
"1360","Geriatric Medicine"
"1425","Geriatric Nursing"
"2850","Ghosts & Poltergeists"
"1699","Global Warming"
"664","Globalization"
"3237","Gnosticism"
"3031","Golf"
"1184","Government Powers"
"50","Graffiti & Street Art"
"274","Grammar & Vocabulary"
"264","Grammar, Syntax"
"48","Graphic Art"
"94","Graphic Design"
"99","Graphic Novel & Manga Artwork"
"2506","Graphic Novels"
"364","Graphic Novels, Anime & Manga"
"2633","Graphic Novels, Anime & Manga"
"374","Graphic Novels: History & Criticism"
"366","Graphic Novels: Literary & Memoirs"
"2635","Graphic Novels: Literary & Memoirs"
"365","Graphic Novels: Manga"
"2634","Graphic Novels: Manga"
"367","Graphic Novels: Superheroes"
"2636","Graphic Novels: Superheroes"
"368","Graphic Novels: True Stories & Non-fiction"
"2637","Graphic Novels: True Stories & Non-fiction"
"1938","Graphical & Digital Media Applications"
"1995","Graphics Programming"
"2827","Graphology"
"1670","Grasslands, Heaths, Prairies, Tundra"
"1548","Gravity"
"2925","Greenhouses, Conservatories, Patios"
"2961","Greeting Cards"
"3057","Greyhound Racing"
"1953","Grid & Parallel Computing"
"1485","Groups & Group Theory"
"3100","Guidebooks"
"207","Guitar"
"3322","Guitar"
"2693","Gulf War"
"3052","Gymnastics"
"1356","Gynaecology & Obstetrics"
"1332","HIV / AIDS"
"656","HIV / AIDS: Social Aspects"
"1341","Haematology"
"2559","Hand Writing"
"2530","Handicrafts"
"1839","Hazardous Waste Treatment & Disposal"
"1899","Health & Safety Aspects Of Computing"
"2863","Health & Wholefood Cookery"
"2770","Health Books"
"950","Health Economics"
"2764","Health Economics"
"1296","Health Psychology"
"1298","Health Systems & Services"
"1783","Heat Transfer Processes"
"1825","Heating, Lighting, Ventilation"
"1728","Heavy Chemicals"
"193","Heavy Metal Music"
"3308","Heavy Metal Music"
"1345","Hepatology"
"1329","Hereditary Diseases & Disorders"
"1052","Hi-tech Manufacturing Industries"
"814","Higher & Further Education, Tertiary Education"
"3359","Higher & Further Education, Tertiary Education"
"1822","Highway & Traffic Engineering"
"3187","Hindu Books"
"3190","Hindu Sacred Texts"
"693","Hispanic & Latino Studies"
"1309","Histology"
"2504","Historical"
"260","Historical & Comparative Linguistics"
"343","Historical Adventure"
"338","Historical Crime"
"2619","Historical Crime"
"362","Historical Fiction"
"2668","Historical Geography"
"1657","Historical Geology"
"3135","Historical Jesus"
"2669","Historical Maps & Atlases"
"360","Historical Romance"
"2632","Historical Romance"
"2641","Historiography"
"2564","History Books for Kids"
"124","History Of Architecture"
"1719","History Of Engineering & Technology"
"105","History Of Fashion"
"639","History Of Ideas"
"1519","History Of Mathematics"
"1305","History Of Medicine"
"2651","History Of Other Lands"
"3133","History Of Religion"
"1531","History Of Science"
"2649","History Of The Americas"
"2723","History Of Western Philosophy"
"2652","History: Earliest Times To Present Day"
"2662","History: Specific Events & Topics"
"2640","History: Theory & Methods"
"2219","Hobby and Gaming Books"
"3032","Hockey"
"2678","Holocaust"
"2776","Home Nursing & Caring"
"2921","Home Renovation & Extension"
"645","Homelessness"
"2834","Homoeopathy"
"350","Horror"
"2624","Horror"
"2494","Horror & Ghost"
"3055","Horse Racing"
"3002","Horses & Ponies"
"1894","Horticulture"
"1333","Hospital Infections"
"1073","Hospitality Industry"
"1872","Hotel & Catering Trades"
"3105","Hotel & Holiday Accommodation Guides"
"2932","House Plants"
"1750","Household Appliances Manufacture"
"2920","Household Hints"
"117","Houses, Apartments, Flats, Etc"
"2808","Housing & Property For The Individual - Buying/selling & Legal Aspects"
"1250","Housing Law"
"1648","Human Biology"
"71","Human Figures Depicted In Art"
"1676","Human Geography"
"1321","Human Growth & Development"
"1317","Human Reproduction, Growth & Development"
"874","Human Rights"
"1180","Human Rights & Civil Liberties Law"
"2075","Human-computer Interaction"
"755","Humanistic Psychology"
"2984","Humour Collections & Anthologies"
"3087","Hunting Or Shooting Animals & Game"
"1817","Hydraulic Engineering"
"1766","Hydraulics & Pneumatics"
"1618","Hydrobiology"
"1662","Hydrology & The Hydrosphere"
"779","Hypnosis"
"1236","IT & Communications Law"
"2584","IT & Computing"
"3084","Ice Hockey"
"3083","Ice-skating"
"654","Illness & Addiction: Social Aspects"
"97","Illustration"
"96","Illustration & Commercial Art"
"1944","Illustration & Drawing Software"
"2072","Image Processing"
"1860","Imaging Systems & Technology"
"1178","Immigration Law"
"1337","Immunology"
"1530","Impact Of Science & Technology On Society"
"790","Inclusive Education / Mainstreaming"
"3335","Inclusive Education / Mainstreaming"
"812","Independent Schools, Private Education"
"3357","Independent Schools, Private Education"
"10","Indigenous Art"
"694","Indigenous Peoples"
"132","Individual Actors & Performers"
"3247","Individual Actors & Performers"
"109","Individual Architects & Architectural Firms"
"69","Individual Artists, Art Monographs"
"198","Individual Composers & Musicians, Specific Bands & Groups"
"3313","Individual Composers & Musicians, Specific Bands & Groups"
"93","Individual Designers"
"135","Individual Film Directors, Film-makers"
"3250","Individual Film Directors, Film-makers"
"82","Individual Photographers"
"92","Industrial / Commercial Art & Design"
"1526","Industrial Applications Of Scientific Research & Technological Innovation"
"1095","Industrial Arbitration & Negotiation"
"2707","Industrial Archaeology"
"1726","Industrial Chemistry"
"1725","Industrial Chemistry & Manufacturing Technologies"
"822","Industrial Or Vocational Training"
"3367","Industrial Or Vocational Training"
"1772","Industrial Quality Control"
"1092","Industrial Relations"
"1091","Industrial Relations & Safety"
"2666","Industrialisation & Industrial History"
"1033","Industry & Industrial Studies"
"1330","Infectious & Contagious Diseases"
"1319","Infertility & Fertilization"
"2078","Information Architecture"
"2017","Information Retrieval"
"1087","Information Technology Industries"
"400","Information Theory"
"1578","Inorganic Chemistry"
"1731","Insecticide & Herbicide Technology"
"1638","Insects (entomology)"
"55","Installation Art"
"414","Institutions & Learned Societies: General"
"2721","Institutions & Learned Societies: General"
"1715","Instruments & Instrumentation Engineering"
"973","Insurance & Actuarial Studies"
"1234","Insurance Law"
"1494","Integral Calculus & Equations"
"1918","Integrated Software Packages"
"1238","Intellectual Property Law"
"773","Intelligence & Reasoning"
"1854","Intelligent & Automated Transport System Technology"
"1382","Intensive Care Medicine"
"1423","Intensive Care Nursing"
"407","Interdisciplinary Studies"
"2714","Interdisciplinary Studies"
"3125","Interfaith Relations"
"2796","Intergenerational Relationships"
"2912","Interior Design, Decor & Style Guides"
"1718","Intermediate Technology"
"1142","International Arbitration"
"986","International Business"
"1141","International Courts & Procedures"
"1133","International Criminal Law"
"1125","International Economic & Trade Law"
"943","International Economics"
"2757","International Economics"
"1128","International Environmental Law"
"944","International Finance"
"2758","International Finance"
"1129","International Human Rights Law"
"1130","International Humanitarian Law"
"870","International Institutions"
"1117","International Law"
"1123","International Law Of Territory & Statehood"
"1134","International Law Of Transport, Communications & Commerce"
"1143","International Law Reports"
"1137","International Maritime Law"
"1131","International Organisations & Institutions"
"865","International Relations"
"1135","International Space & Aerospace Law"
"945","International Trade"
"2759","International Trade"
"1088","Internet & WWW Industries"
"1908","Internet Browsers"
"1903","Internet Guides & Online Services"
"1905","Internet Searching"
"1720","Inventions & Inventors"
"970","Investment & Securities"
"1127","Investment Treaties & Disputes"
"2695","Iraq War"
"897","Irregular Or Guerrilla Forces & Warfare"
"1879","Irrigation"
"2733","Islamic & Arabic Philosophy"
"2574","Islamic Books for Kids"
"1104","Islamic Law"
"3191","Islamic Story & History Books"
"702","Islamic Studies"
"184","Jazz"
"3299","Jazz"
"2954","Jewellery & Beadcraft"
"3197","Jewish Books"
"701","Jewish Studies"
"2470","Jigsaw Books"
"2538","Jokes & Humour"
"2981","Jokes & Riddles"
"250","Journalistic Style Guides"
"3199","Judaism: Life & Practice"
"3200","Judaism: Sacred Texts"
"3201","Judaism: Theology"
"1147","Judicial Powers"
"1186","Judicial Review"
"1098","Jurisprudence"
"1099","Jurisprudence & Philosophy Of Law"
"1197","Juvenile Criminal Law"
"748","Juvenile Offenders"
"204","Keyboard Instruments"
"3319","Keyboard Instruments"
"2579","Kids’ Chemistry Books"
"2573","Kids’ Jewish Books"
"2463","Kit Books"
"2948","Knitting & Crochet"
"997","Knowledge Management"
"3194","Koran"
"2691","Korean War"
"936","Labour Economics"
"2750","Labour Economics"
"2946","Lace & Lacemaking"
"3033","Lacrosse"
"1245","Land & Real Estate Law"
"896","Land Forces & Warfare"
"1821","Land Reclamation & Drainage"
"877","Land Rights"
"1247","Landlord & Tenant Law"
"2704","Landscape Archaeology"
"122","Landscape Art & Architecture"
"2936","Landscape Gardening"
"258","Language Acquisition"
"277","Language Learning: Audio-visual & Multimedia"
"278","Language Learning: Specific Skills"
"3111","Language Phrasebooks"
"3387","Language Phrasebooks"
"275","Language Readers"
"276","Language Self-study Texts"
"271","Language Teaching & Learning (other Than ELT)"
"273","Language Teaching & Learning Material & Coursework"
"272","Language Teaching Theory & Methods"
"252","Language: History & General Works"
"241","Language: Reference & General"
"1859","Laser Technology & Holography"
"1097","Law"
"1107","Law & Society"
"1262","Law & The Elderly"
"1115","Law As It Applies To Other Professions"
"2805","Law For The Lay Person"
"1124","Law Of The Sea"
"1278","Law: Study & Revision Guides"
"1144","Laws Of Specific Jurisdictions"
"771","Learning"
"1742","Leather & Fur Technology"
"1901","Legal Aspects Of Computing"
"1114","Legal Ethics & Professional Conduct"
"1116","Legal History"
"1113","Legal Profession: General"
"1110","Legal Skills & Practice"
"1145","Legal System: General"
"1277","Legislation"
"688","Lesbian Studies"
"2964","Lettering & Calligraphy"
"267","Lexicography"
"847","Liberalism & Centre Democratic Ideologies"
"388","Library & Information Sciences"
"393","Library & Information Services"
"389","Library, Archive & Information Management"
"1594","Life Sciences: General Issues"
"1556","Light (optics)"
"181","Light Orchestral & Big Band Music"
"3296","Light Orchestral & Big Band Music"
"1664","Limnology (freshwater)"
"1511","Linear Programming"
"253","Linguistics"
"1970","Linux"
"1606","Lipids"
"280","Listening Skills"
"256","Literacy"
"788","Literacy Strategies"
"3333","Literacy Strategies"
"306","Literary Companions"
"290","Literary Essays"
"305","Literary Reference Works"
"297","Literary Studies: C 1500 To C 1800"
"298","Literary Studies: C 1800 To C 1900"
"296","Literary Studies: Classical, Early & Medieval"
"304","Literary Studies: Fiction, Novelists & Prose Writers"
"299","Literary Studies: From C 1900 -"
"295","Literary Studies: General"
"302","Literary Studies: Plays & Playwrights"
"301","Literary Studies: Poetry & Poets"
"300","Literary Studies: Post-colonial Literature"
"294","Literary Theory"
"293","Literature: History & Criticism"
"2817","Living & Working Abroad"
"1189","Local Government Law"
"2710","Local History"
"2709","Local History & Genealogy"
"1551","Low Temperature Physics"
"2066","Machine Learning"
"1958","Macintosh"
"1969","Macintosh OS"
"2000","Macintosh Programming"
"931","Macroeconomics"
"2745","Macroeconomics"
"2855","Magic, Spells & Alchemy"
"2469","Magnet Books"
"1576","Magnetic Resonance"
"1951","Mainframes & Minicomputers"
"2973","Maintenance & Repair"
"1959","Maintenance & Repairs"
"78","Man-made Objects Depicted In Art (cityscapes, Machines, Etc)"
"988","Management & Management Techniques"
"960","Management Accounting & Bookkeeping"
"990","Management Decision Making"
"1691","Management Of Land & Natural Resources"
"998","Management Of Real Estate, Property & Plant"
"994","Management Of Specific Areas"
"989","Management: Leadership & Motivation"
"1047","Manufacturing Industries"
"3050","Marathon & Cross-country Running"
"1646","Marine & Freshwater Mammals"
"1620","Marine Biology"
"1867","Marine Engineering"
"1851","Maritime / Nautical Trades"
"2667","Maritime History"
"1012","Market Research"
"845","Marxism & Communism"
"2790","Massage"
"636","Material Culture"
"1759","Materials Science"
"1357","Materno-fetal Medicine"
"1935","Mathematical & Statistical Software"
"1479","Mathematical Foundations"
"1480","Mathematical Logic"
"1514","Mathematical Modelling"
"1564","Mathematical Physics"
"2057","Mathematical Theory Of Computation"
"1477","Mathematics"
"2565","Mathematics & Numeracy"
"2058","Maths For Computer Scientists"
"1714","Maths For Engineers"
"1525","Maths For Scientists"
"1322","Maturation & Ageing"
"1755","Mechanical Engineering"
"1754","Mechanical Engineering & Materials"
"1764","Mechanics Of Fluids"
"1761","Mechanics Of Solids"
"640","Media Studies"
"1079","Media, Information & Communication Industries"
"1279","Medical"
"1258","Medical & Healthcare Law"
"1301","Medical Administration & Management"
"1650","Medical Anthropology"
"1455","Medical Charts, Colour Atlases"
"1443","Medical Counselling"
"1325","Medical Diagnosis"
"1284","Medical Equipment & Techniques"
"1282","Medical Ethics & Professional Conduct"
"1323","Medical Genetics"
"1384","Medical Imaging"
"1285","Medical Laboratory Testing & Techniques"
"1371","Medical Microbiology & Virology"
"1372","Medical Parasitology"
"1567","Medical Physics"
"1281","Medical Profession"
"1286","Medical Research"
"1452","Medical Revision Aids: MRCP"
"1453","Medical Revision Aids: MRCS"
"1304","Medical Sociology"
"1451","Medical Study & Revision Guides"
"1450","Medical Study & Revision Guides & Reference Material"
"1374","Medical Toxicology"
"1280","Medicine"
"1303","Medicolegal Issues"
"2703","Medieval European Archaeology"
"2656","Medieval History"
"233","Memoirs"
"919","Memorials & Rolls Of Honour"
"115","Memorials, Monuments"
"772","Memory"
"2814","Memory Improvement & Thinking Techniques"
"2774","Men's Health"
"1524","Mensuration & Systems Of Measurement"
"1259","Mental Health Law"
"1300","Mental Health Services"
"923","Mercenaries"
"1315","Metabolism"
"1746","Metals Technology / Metallurgy"
"1665","Meteorology & Climatology"
"3145","Methodist Churches"
"1613","Microbiology (non-medical)"
"933","Microeconomics"
"2747","Microeconomics"
"1796","Microprocessors"
"1529","Microscopy"
"1919","Microsoft Office"
"1997","Microsoft Programming"
"1963","Microsoft Windows"
"1929","Microsoft Word"
"1801","Microwave Technology"
"2647","Middle Eastern History"
"1433","Midwifery"
"661","Migration, Immigration & Emigration"
"2899","Militaria, Arms & Armour"
"1185","Military & Defence Law"
"914","Military & Naval Ships"
"901","Military Administration"
"915","Military Aircraft"
"1864","Military Engineering"
"344","Military Fiction"
"2679","Military History"
"2690","Military History: Post WW2 Conflicts"
"903","Military Intelligence"
"916","Military Life & Institutions"
"904","Military Tactics"
"912","Military Vehicles"
"926","Military Veterans"
"156","Mime"
"3271","Mime"
"2819","Mind, Body & Spirit"
"2840","Mind, Body, Spirit: Meditation & Visualisation"
"2820","Mind, Body, Spirit: Thought & Practice"
"1592","Mineralogy & Gems"
"1038","Mining Industry"
"1870","Mining Technology & Engineering"
"2452","Miscellaneous Items"
"1807","Mobile Phone Technology"
"1914","Mobile Phones: Consumer/user Guides"
"2658","Modern History To 20th Century: C 1700 To C 1900"
"1611","Molecular Biology"
"932","Monetary Economics"
"2746","Monetary Economics"
"2531","Money"
"2851","Monsters & Legendary Beings"
"785","Moral & Social Purpose Of Education"
"3330","Moral & Social Purpose Of Education"
"1449","Mortuary Practice"
"3070","Motor / Power Boating & Cruising"
"2969","Motor Cars"
"3061","Motor Rallying / Rally Driving"
"3058","Motor Sports"
"3062","Motorcycle Racing"
"2971","Motorcycles"
"1675","Mountains"
"791","Multicultural Education"
"3336","Multicultural Education"
"2608","Multiculturalism"
"3051","Multidiscipline Sports"
"1021","Multinationals"
"1340","Musculoskeletal Medicine"
"3107","Museum, Historic Sites, Gallery & Art Guides"
"398","Museums & Museology"
"165","Music"
"3280","Music"
"1082","Music Industry"
"212","Music Recording & Reproduction"
"3327","Music Recording & Reproduction"
"167","Music Reviews & Criticism"
"3282","Music Reviews & Criticism"
"169","Music: Styles & Genres"
"3284","Music: Styles & Genres"
"201","Musical Instruments & Instrumental Ensembles"
"3316","Musical Instruments & Instrumental Ensembles"
"199","Musical Scores, Lyrics & Libretti"
"3314","Musical Scores, Lyrics & Libretti"
"2555","Musical Story & Educational Books For Kids"
"187","Musicals"
"3302","Musicals"
"925","Mutiny"
"1621","Mycology, Fungi (non-medical)"
"2550","Mysteries & The Supernatural (Children's/YA)"
"2493","Mystery Books for Kids"
"3224","Mysticism"
"2853","Mysticism, Magic & Ritual"
"357","Myth & Legend Told As Fiction"
"1717","Nanotechnology"
"2683","Napoleonic Wars"
"2976","Narrowboats & Canals"
"2866","National & Regional Cuisine"
"2671","National Liberation & Independence, Post-colonialism"
"849","Nationalism"
"2937","Natural & Wild Gardening"
"1701","Natural Disasters"
"2985","Natural History Books"
"2522","Natural History Books for Children"
"2065","Natural Language & Machine Translation"
"3123","Nature & Existence Of God"
"1218","Nature Conservation Law"
"898","Naval Forces & Warfare"
"1850","Navigation & Seamanship"
"2944","Needlework & Fabric Crafts"
"1271","Negligence"
"1359","Neonatal Medicine"
"3037","Netball"
"1955","Network Hardware"
"2047","Network Management"
"2050","Network Security"
"2053","Networking Packages"
"2051","Networking Standards & Protocols"
"2067","Neural Networks & Fuzzy Systems"
"2815","Neuro Linguistic Programming (NLP)"
"1349","Neurology & Clinical Neurophysiology"
"1602","Neurosciences"
"1410","Neurosurgery"
"3151","New Testaments"
"1500","Non-Euclidean Geometry"
"2508","Non-Fiction"
"180","Non-Western Music: Traditional & Classical"
"3295","Non-Western Music: Traditional & Classical"
"2732","Non-Western Philosophy"
"2890","Non-alcoholic Beverages"
"1769","Non-destructive Testing"
"886","Non-governmental Organizations (NGOs)"
"51","Non-graphic Art Forms"
"1516","Non-linear Science"
"1027","Non-profitmaking Organizations"
"804","Non-teaching & Support Staff"
"3349","Non-teaching & Support Staff"
"2518","Nonfiction History Books for Kids"
"2711","Nostalgia: General"
"2466","Novelty Books"
"1586","Nuclear Chemistry, Photochemistry & Radiation"
"1700","Nuclear Issues"
"1386","Nuclear Magnetic Resonance (NMR / MRI)"
"1383","Nuclear Medicine"
"1782","Nuclear Power & Engineering"
"1043","Nuclear Power Industries"
"1559","Nuclear Structure Physics"
"911","Nuclear Weapons"
"73","Nudes Depicted In Art"
"1482","Number Systems"
"1486","Number Theory"
"2476","Numbers & Counting"
"789","Numeracy Strategies"
"3334","Numeracy Strategies"
"1496","Numerical Analysis"
"2829","Numerology"
"1420","Nurse/patient Relationship"
"1417","Nursing"
"1416","Nursing & Ancillary Services"
"1418","Nursing Fundamentals & Skills"
"1432","Nursing Management & Leadership"
"1429","Nursing Pharmacology"
"1419","Nursing Research & Theory"
"1430","Nursing Sociology"
"1421","Nursing Specialties"
"1398","Obesity: Treatment & Therapy"
"2010","Object Oriented Software Engineering"
"1996","Object-oriented Programming (OOP)"
"3241","Occult Studies"
"764","Occupational & Industrial Psychology"
"1096","Occupational / Industrial Health & Safety"
"1207","Occupational Health & Safety Law"
"1393","Occupational Medicine"
"1441","Occupational Therapy"
"1663","Oceanography (seas)"
"1198","Offences Against Public Health, Safety, Order"
"1192","Offences Against The Government"
"1193","Offences Against The Person"
"746","Offenders"
"1028","Office & Workplace"
"1029","Office Management"
"1030","Office Systems & Equipment"
"1868","Offshore Engineering"
"45","Oils"
"3150","Old Testaments"
"3015","Olympic Games"
"1334","Oncology"
"1907","Online Finance & Investing"
"1904","Online Shopping & Auctions"
"820","Open Learning, Home Learning, Distance Education"
"3365","Open Learning, Home Learning, Distance Education"
"178","Opera"
"3293","Opera"
"1962","Operating Systems"
"1015","Operational Research"
"1352","Ophthalmology"
"2478","Opposites"
"1509","Optimization"
"1439","Optometry / Opticians"
"1367","Oral & Maxillofacial Surgery"
"2664","Oral History"
"1865","Ordnance, Weapons Technology"
"1579","Organic Chemistry"
"1881","Organic Farming"
"2935","Organic Gardening"
"796","Organization & Management Of Education"
"3341","Organization & Management Of Education"
"1016","Organizational Theory & Behaviour"
"743","Organized Crime"
"1580","Organometallic Chemistry"
"2734","Oriental & Indian Philosophy"
"12","Oriental Art"
"3078","Oriental Martial Arts"
"2962","Origami & Paper Engineering"
"3140","Orthodox & Oriental Churches"
"1414","Orthopaedics & Fractures"
"1362","Other Branches Of Medicine"
"1747","Other Manufacturing Technologies"
"3203","Other Non-Christian Religions"
"3148","Other Nonconformist & Evangelical Churches"
"155","Other Performing Arts"
"3270","Other Performing Arts"
"1855","Other Technologies & Applied Sciences"
"1871","Other Vocational Technologies & Trades"
"920","Other Warfare & Defence Issues"
"1350","Otorhinolaryngology (ENT)"
"3097","Outdoor Survival Skills"
"1017","Ownership & Organization Of Enterprises"
"1957","PCs (IBM-compatible Personal Computers)"
"2002","PDA / Handheld Programming"
"1910","PDAs & Other Handheld Devices: Consumer/user Guides"
"2568","PSHE"
"1358","Paediatric Medicine"
"1424","Paediatric Nursing"
"162","Pageants, Parades, Festivals"
"3277","Pageants, Parades, Festivals"
"1364","Pain & Pain Management"
"2943","Painting & Art Manuals"
"43","Paintings"
"118","Palaces, Chateaux, Country Houses"
"265","Palaeography (history Of Writing)"
"1666","Palaeontology"
"1365","Palliative Medicine"
"2828","Palmistry, Phrenology & Physiognomy"
"2062","Parallel Processing"
"782","Parapsychological Studies"
"1615","Parasitology (non-medical)"
"1187","Parliamentary & Legislative Practice"
"2983","Parodies & Spoofs"
"1560","Particle & High-energy Physics"
"2915","Parties, Etiquette & Entertaining"
"1169","Partnership Law"
"1240","Patents Law"
"1368","Pathology"
"2068","Pattern Recognition"
"413","Peace Studies & Conflict Resolution"
"2720","Peace Studies & Conflict Resolution"
"908","Peacekeeping Operations"
"744","Penology & Punishment"
"974","Pensions"
"1235","Pensions Law"
"3146","Pentecostal Churches"
"2521","People & Places"
"774","Perception"
"205","Percussion Instruments"
"3320","Percussion Instruments"
"56","Performance Art"
"1415","Peri-operative Care"
"1291","Personal & Public Health"
"3173","Personal Christian Testimony & Popular Inspirational Works"
"1956","Personal Computers"
"2802","Personal Development"
"2803","Personal Finance"
"1251","Personal Property Law"
"996","Personnel & Human Resources Management"
"1891","Pest Control"
"1044","Petroleum & Oil Industries"
"1780","Petroleum Technology"
"1658","Petrology"
"2524","Pets"
"1055","Pharmaceutical Industries"
"1741","Pharmaceutical Technology"
"1373","Pharmacology"
"1438","Pharmacy / Dispensing"
"2729","Phenomenology & Existentialism"
"2722","Philosophy"
"784","Philosophy & Theory Of Education"
"3329","Philosophy & Theory Of Education"
"254","Philosophy Of Language"
"1478","Philosophy Of Mathematics"
"2738","Philosophy Of Mind"
"3122","Philosophy Of Religion"
"1521","Philosophy Of Science"
"2739","Philosophy: Aesthetics"
"2736","Philosophy: Epistemology & Theory Of Knowledge"
"2737","Philosophy: Logic"
"2735","Philosophy: Metaphysics & Ontology"
"263","Phonetics, Phonology"
"1947","Photo & Image Editing"
"2712","Photographic"
"87","Photographic Equipment & Techniques"
"85","Photographic Reportage"
"83","Photographs: Collections"
"84","Photographs: Portraits"
"81","Photography"
"1627","Phycology, Algae & Lichens"
"720","Physical Anthropology & Ethnography"
"1582","Physical Chemistry"
"2586","Physical Education & Dance"
"1668","Physical Geography & Topography"
"1541","Physics Books"
"2580","Physics Books for Kids"
"1553","Physics Of Gases"
"767","Physiological & Neuro-psychology, Biopsychology"
"1312","Physiology"
"1440","Physiotherapy"
"2456","Picture & Activity Books"
"2457","Picture Books"
"2591","Picture Dictionaries"
"2957","Picture Framing"
"1732","Pigments, Dyestuffs & Paint Technology"
"387","Place Names & Gazetteers"
"3115","Places & Peoples: Pictorial Works"
"1221","Planning Law"
"1626","Plant Ecology"
"1625","Plant Pathology & Diseases"
"1623","Plant Physiology"
"1624","Plant Reproduction & Propagation"
"1554","Plasma Physics"
"1411","Plastic & Reconstructive Surgery"
"1735","Plastics & Polymers Technology"
"2514","Plays"
"287","Plays, Playscripts"
"1831","Plumbing"
"283","Poetry & Drama"
"286","Poetry Anthologies (various Poets)"
"284","Poetry Books"
"2487","Poetry Books for Kids"
"285","Poetry By Individual Poets"
"733","Police & Security Services"
"1204","Police Procedures"
"341","Political & Legal"
"2622","Political & Legal"
"883","Political Activism"
"889","Political Assassinations"
"880","Political Campaigning & Advertising"
"873","Political Control & Freedoms"
"659","Political Correctness"
"893","Political Corruption"
"949","Political Economy"
"2763","Political Economy"
"1678","Political Geography"
"843","Political Ideologies"
"855","Political Leaders & Leadership"
"882","Political Oppression & Persecution"
"858","Political Parties"
"841","Political Science & Theory"
"852","Political Structure & Processes"
"856","Political Structures: Democracy"
"857","Political Structures: Totalitarianism & Dictatorship"
"840","Politics & Government"
"1697","Pollution & Threats To The Environment"
"1835","Pollution Control"
"1581","Polymer Chemistry"
"2511","Pop Music"
"2464","Pop-Up Books"
"3012","Popular Astronomy & Space"
"667","Popular Beliefs & Controversial Knowledge"
"635","Popular Culture"
"2772","Popular Medicine & Health"
"2742","Popular Philosophy"
"2812","Popular Psychology"
"1532","Popular Science"
"710","Population & Demography"
"72","Portraits In Art"
"1086","Postal & Telecommunications Industries"
"100","Poster Art"
"2660","Postwar 20th Century History, From C 1945 To C 2000"
"58","Pottery & Glassware"
"2958","Pottery, Ceramics & Glass Crafts"
"1886","Poultry Farming"
"644","Poverty  & Unemployment"
"1730","Powder Technology"
"1785","Power Generation & Distribution"
"1786","Power Networks, Systems, Stations & Plants"
"1787","Power Utilization & Applications"
"1931","PowerPoint"
"2527","Practical Interests"
"3222","Prayer"
"3220","Prayers & Liturgical Material"
"1487","Pre-calculus"
"1306","Pre-clinical Medicine: Basic Sciences"
"809","Pre-school & Kindergarten"
"3354","Pre-school & Kindergarten"
"54","Precious Metal & Precious Stones: Artworks & Design"
"1748","Precision Instruments Manufacture"
"2603","Pregnancy"
"2798","Pregnancy, Birth & Baby Care"
"2699","Prehistoric Archaeology"
"1930","Presentation Graphics Software"
"2884","Preserving & Freezing"
"1083","Press & Journalism"
"884","Pressure Groups & Lobbying"
"810","Primary & Middle Schools"
"3355","Primary & Middle Schools"
"1034","Primary Industries"
"1647","Primates"
"1753","Printing & Reprographic Technology"
"1085","Printing, Packaging & Reprographic Industry"
"47","Prints"
"924","Prisoners Of War"
"745","Prisons"
"2038","Privacy & Data Protection"
"1181","Privacy Law"
"1158","Private / Civil Law: General Works"
"1139","Private International Law & Conflict Of Laws"
"1019","Privatization"
"1508","Probability & Statistics"
"101","Product Design"
"999","Production & Quality Control Management"
"1770","Production Engineering"
"121","Professional Interior Design"
"1984","Program Concepts / Learning To Program"
"2006","Programming & Scripting Languages: General"
"991","Project Management"
"1936","Project Management Software"
"881","Propaganda"
"975","Property & Real Estate"
"1244","Property Law"
"289","Prose: Non-fiction"
"1448","Prosthetics"
"1604","Proteins"
"3141","Protestantism & Protestant Churches"
"1617","Protozoa"
"1426","Psychiatric Nursing"
"1376","Psychiatry"
"2842","Psychic Powers & Psychic Phenomena"
"752","Psychoanalytical Theory (Freudian Psychology)"
"257","Psycholinguistics"
"757","Psychological Methodology"
"758","Psychological Testing & Measurement"
"751","Psychological Theory & Schools Of Thought"
"750","Psychology"
"760","Psychology Of Ageing"
"762","Psychology Of Gender"
"769","Psychology: Emotions"
"1375","Psychopharmacology"
"1378","Psychotherapy"
"860","Public Administration"
"113","Public Buildings: Civic, Commercial, Industrial, Etc"
"965","Public Finance"
"961","Public Finance Accounting"
"1289","Public Health & Preventive Medicine"
"1257","Public Health & Safety Law"
"1118","Public International Law"
"879","Public Opinion & Polls"
"1022","Public Ownership / Nationalization"
"1013","Public Relations"
"246","Public Speaking Guides"
"1084","Publishing Industry"
"194","Punk, New Wave & Indie"
"3309","Punk, New Wave & Indie"
"161","Puppetry, Miniature & Toy Theatre"
"3276","Puppetry, Miniature & Toy Theatre"
"1002","Purchasing & Supply Management"
"2541","Puzzle Books"
"992","Quality Assurance (QA) & Total Quality Management (TQM)"
"1813","Quantity Surveying"
"1587","Quantum & Theoretical Chemistry"
"1561","Quantum Physics (quantum Mechanics & Quantum Field Theory)"
"2862","Quick & Easy Cooking"
"2947","Quiltmaking, Patchwork & Applique"
"3004","Rabbits & Rodents As Pets"
"3039","Racket Games"
"1803","Radar"
"146","Radio"
"3261","Radio"
"1081","Radio & Television Industry"
"147","Radio Scripts"
"3262","Radio Scripts"
"1804","Radio Technology"
"1436","Radiography"
"1387","Radiology"
"1335","Radiotherapy"
"1846","Railway Technology, Engineering & Trades"
"1847","Railway Trades"
"1062","Railway Transport Industries"
"191","Rap & Hip-Hop"
"3306","Rap & Hip-Hop"
"281","Reading Skills"
"1490","Real Analysis, Real Variables"
"375","Reference Books"
"378","Reference Works"
"2835","Reflexology"
"648","Refugees & Political Asylum"
"192","Reggae"
"3307","Reggae"
"917","Regiments"
"1704","Regional & Area Planning"
"2643","Regional & National History"
"1310","Regional Anatomy"
"1679","Regional Geography"
"863","Regional Government"
"864","Regional Government Policies"
"1314","Regional Physiology"
"408","Regional Studies"
"2715","Regional Studies"
"1260","Regulation Of Medicines & Medical Devices"
"1444","Rehabilitation"
"747","Rehabilitation Of Offenders"
"1445","Rehabilitation: Brain & Spinal Injuries"
"2836","Reiki"
"2846","Reincarnation & Past Lives"
"2013","Relational Databases"
"2609","Relationships"
"1562","Relativity Physics"
"1773","Reliability Engineering"
"2532","Religion & Beliefs"
"3128","Religion & Politics"
"3129","Religion & Science"
"3121","Religion: General"
"363","Religious & Spiritual Fiction"
"3230","Religious & Spiritual Leaders"
"3120","Religious Books"
"120","Religious Buildings"
"3232","Religious Communities & Monasticism"
"3227","Religious Counselling"
"3127","Religious Ethics"
"878","Religious Freedom / Freedom Of Worship"
"700","Religious Groups: Social & Cultural Aspects"
"3229","Religious Institutions & Organizations"
"3226","Religious Instruction"
"3132","Religious Intolerance, Persecution & Conflict"
"3126","Religious Issues & Debates"
"3225","Religious Life & Practice"
"2569","Religious Studies"
"79","Religious Subjects Depicted In Art"
"1353","Renal Medicine & Nephrology"
"291","Reportage & Collected Journalism"
"1318","Reproductive Medicine"
"1642","Reptiles"
"3005","Reptiles & Amphibians As Pets"
"1000","Research & Development Management"
"399","Research & Information: General"
"406","Research Methods: General"
"116","Residential Buildings, Domestic Buildings"
"1347","Respiratory Medicine"
"1132","Responsibility Of States & Other Entities"
"3108","Restaurant, Cafe & Pub Guides"
"1069","Retail Sector"
"2816","Retirement"
"891","Revolutionary Groups & Movements"
"2673","Revolutions, Uprisings, Rebellions"
"1348","Rheumatology"
"2474","Rhyming & Wordplay"
"3056","Riding, Showjumping & Horsemanship"
"405","Risk Assessment"
"2968","Road & Motor Vehicles"
"3117","Road Atlases"
"1060","Road Transport Industries"
"1056","Road Vehicle Manufacturing Industry"
"2806","Roadcraft, Driving & The Highway Code"
"1800","Robotics"
"189","Rock & Pop Music"
"3304","Rock & Pop Music"
"3009","Rocks, Minerals & Fossils"
"3064","Rollerblading, Skateboarding, Etc"
"3139","Roman Catholicism, Roman Catholic Church"
"1103","Roman Law"
"358","Romance"
"2630","Romance Books"
"2498","Romance Books for Teenagers"
"1832","Roofing"
"2950","Ropework, Knots & Macrame"
"2951","Rug & Carpetmaking"
"2545","Rugby (Children's/YA)"
"3030","Rugby League"
"3029","Rugby Union"
"681","Rural Communities"
"2965","Rural Crafts"
"1706","Rural Planning"
"1874","Rural Trades & Skills"
"2675","Russian Revolution"
"2025","SQL Server / MS SQL"
"179","Sacred & Religious Music"
"3294","Sacred & Religious Music"
"3218","Sacred Texts"
"2771","Safety In The Home"
"361","Sagas"
"3071","Sailing"
"2880","Salads"
"1163","Sale Of Goods Law"
"1010","Sales & Marketing"
"1001","Sales & Marketing Management"
"1836","Sanitary & Municipal Engineering"
"3244","Satanism & Demonology"
"1805","Satellite Communication"
"1861","Scanning Systems & Technology"
"2610","School"
"2503","School Stories"
"805","School/community Relations & School/home Relations"
"3350","School/community Relations & School/home Relations"
"808","Schools"
"3353","Schools"
"2517","Schools & Museums"
"800","Schools Inspection (& Preparing For Inspection)"
"3345","Schools Inspection (& Preparing For Inspection)"
"2495","Sci Fi Books for Kids"
"2534","Science"
"1476","Science & Geography"
"352","Science Fiction"
"2626","Science Fiction"
"1527","Science Funding & Policy"
"1520","Science: General Issues"
"2577","Sciences"
"1528","Scientific Equipment, Experiments & Techniques"
"1523","Scientific Standards"
"2963","Scrapbook Keeping"
"248","Screenwriting Techniques"
"52","Sculpture"
"2993","Sea Life & The Seashore"
"811","Secondary Schools"
"3356","Secondary Schools"
"1031","Secretarial, Clerical & Office Skills"
"1826","Security & Fire Alarm Systems"
"1075","Security Services"
"775","Self, Ego, Identity, Personality"
"2607","Self-Esteem"
"2818","Self-sufficiency"
"262","Semantics"
"1798","Semi-conductors & Super-conductors"
"410","Semiotics / Semiology"
"2717","Semiotics / Semiology"
"1202","Sentencing & Punishment"
"2795","Separation & Divorce"
"382","Serials, Periodicals, Abstracts, Indexes"
"1952","Servers"
"1071","Service Industries"
"1481","Set Theory"
"1140","Settlement Of International Disputes"
"1838","Sewage Treatment & Disposal"
"2792","Sex & Sexuality, Sex Manuals"
"2598","Sex Education"
"651","Sexual Abuse & Harassment"
"781","Sexual Behaviour"
"288","Shakespeare Plays"
"303","Shakespeare Studies & Criticism"
"2856","Shamanism, Paganism & Druidry"
"1849","Ship Design & Naval Architecture"
"1057","Shipbuilding Industry"
"1848","Shipbuilding Technology, Engineering & Trades"
"1061","Shipping Industries"
"2975","Ships & Shipping"
"2913","Shopping Guides"
"2505","Short Stories for Kids"
"370","Short Story Books"
"2602","Siblings"
"270","Sign Languages, Braille & Other Linguistic Communication"
"2071","Signal Processing"
"2479","Size & Shape"
"3081","Skiing"
"2982","Slang & Dialect Humour"
"2672","Slavery & Abolition Of Slavery"
"778","Sleep & Dreams"
"1401","Sleep Disorders & Therapy"
"1024","Small Businesses & Self-employed"
"3089","Small Firearms, Guns & Other Equipment"
"1890","Smallholdings"
"3048","Snooker, Billiards, Pool"
"3082","Snowboarding"
"719","Social & Cultural Anthropology"
"2663","Social & Cultural History"
"2741","Social & Political Philosophy"
"680","Social Classes"
"657","Social Discrimination"
"663","Social Forecasting, Future Studies"
"679","Social Groups"
"704","Social Groups: Clubs & Societies"
"646","Social Impact Of Disasters"
"1702","Social Impact Of Environmental Issues"
"662","Social Interaction"
"2611","Social Issues"
"643","Social Issues & Processes"
"1252","Social Law"
"660","Social Mobility"
"709","Social Research & Statistics"
"1255","Social Security & Welfare Law"
"721","Social Services & Welfare, Criminology"
"708","Social Theory"
"722","Social Welfare & Social Services"
"728","Social Work"
"763","Social, Group Or Collective Psychology"
"846","Socialism & Left-of-centre Democratic Ideologies"
"633","Society & Culture: General"
"2596","Society & Social Issues"
"632","Society & Social Sciences"
"255","Sociolinguistics"
"707","Sociology"
"706","Sociology & Anthropology"
"711","Sociology: Birth"
"716","Sociology: Customs & Traditions"
"717","Sociology: Death & Dying"
"712","Sociology: Family & Relationships"
"713","Sociology: Sexual Relations"
"715","Sociology: Sport & Leisure"
"714","Sociology: Work & Labour"
"2007","Software Engineering"
"2009","Software Testing & Verification"
"1814","Soil & Rock Mechanics"
"1655","Soil Science, Sedimentology"
"1538","Solar System: The Sun & Planets"
"1588","Solid State Chemistry"
"200","Songbooks"
"3315","Songbooks"
"190","Soul & R 'n' B"
"3305","Soul & R 'n' B"
"2467","Sound & Musical Books"
"2879","Soups & Starters"
"2537","Space"
"354","Space Opera"
"2628","Space Opera"
"1862","Space Science"
"2688","Spanish Civil War"
"279","Speaking / Pronunciation Skills"
"900","Special & Elite Forces"
"88","Special Kinds Of Photography"
"2933","Specialized Gardening Methods"
"1577","Spectrum Analysis, Spectrochemistry, Mass Spectrometry"
"1399","Speech & Language Disorders & Therapy"
"2069","Speech Recognition"
"2952","Spinning & Weaving"
"2847","Spirit Guides, Angels & Channelling"
"2889","Spirits & Cocktails"
"3240","Spiritualism"
"3223","Spirituality & Religious Experience"
"1074","Sport & Leisure Industries"
"1212","Sport & The Law"
"3018","Sporting Venues"
"3013","Sports Books"
"3016","Sports Governing Bodies"
"1395","Sports Injuries & Medicine"
"3020","Sports Psychology"
"2502","Sports Stories"
"1925","Spreadsheet Software"
"3042","Squash & Rackets"
"61","Stained Glass: Artworks"
"2897","Stamps, Philately"
"2823","Star Signs & Horoscopes"
"776","States Of Consciousness"
"1550","States Of Matter"
"3385","Stationery"
"1563","Statistical Physics"
"1758","Steam Engines"
"2465","Sticker Books"
"1515","Stochastics"
"972","Stocks & Shares"
"1960","Storage Media & Peripherals"
"397","Storage, Maintenance & Preservation Of Collections"
"2460","Storybooks"
"1659","Stratigraphy"
"3119","Street Maps & City Plans"
"1763","Stress & Fracture"
"1093","Strikes"
"206","String Instruments"
"3321","String Instruments"
"1811","Structural Engineering"
"807","Students & Student Organisations"
"3352","Students & Student Organisations"
"839","Study & Learning Skills: General"
"3384","Study & Learning Skills: General"
"2588","Study & Revision Guides"
"2909","Style Guides"
"9","Styles"
"36","Styles: Abstract Expressionism"
"26","Styles: Art & Craft"
"33","Styles: Art Deco"
"28","Styles: Art Nouveau"
"21","Styles: Baroque"
"22","Styles: Classicism"
"40","Styles: Conceptual Art"
"31","Styles: Expressionism"
"27","Styles: Impressionism & Post-Impressionism"
"19","Styles: Mannerism"
"32","Styles: Modernist & Bauhaus"
"38","Styles: Pop Art"
"25","Styles: Pre-Raphaelite"
"24","Styles: Romanticism"
"35","Styles: Surrealism & Dada"
"3067","Sub-aqua Swimming"
"3196","Sufism & Islamic Mysticism"
"1950","Supercomputers"
"1590","Surface Chemistry & Adsorption"
"1734","Surface-coating Technology"
"3068","Surfing, Windsurfing, Water Skiing"
"1402","Surgery"
"1427","Surgical Nursing"
"1408","Surgical Oncology"
"1403","Surgical Techniques"
"1076","Surveillance Services"
"1812","Surveying"
"1703","Sustainability"
"1880","Sustainable Agriculture"
"3066","Swimming & Diving"
"2548","Swimming & Water Sports (Children's/YA)"
"2059","Systems Analysis & Design"
"1100","Systems Of Law"
"641","TV & Society"
"2980","TV Tie-in Humour"
"3043","Table Tennis"
"1018","Takeovers, Mergers & Buy-outs"
"913","Tanks & Military Land Vehicles"
"3209","Taoism"
"3090","Target Shooting"
"2825","Tarot"
"966","Taxation"
"1265","Taxation & Duties Law"
"1595","Taxonomy & Systematics"
"803","Teacher Assessment"
"3348","Teacher Assessment"
"818","Teacher Training"
"3363","Teacher Training"
"835","Teachers' Classroom Resources & Material"
"3380","Teachers' Classroom Resources & Material"
"834","Teaching Of A Specific Subject"
"3379","Teaching Of A Specific Subject"
"829","Teaching Of Autistic Students"
"3374","Teaching Of Autistic Students"
"828","Teaching Of Dyslexic Students"
"3373","Teaching Of Dyslexic Students"
"831","Teaching Of Gifted Students"
"3376","Teaching Of Gifted Students"
"824","Teaching Of Physically Disabled Students"
"3369","Teaching Of Physically Disabled Students"
"823","Teaching Of Specific Groups & Persons With Special Educational Needs"
"3368","Teaching Of Specific Groups & Persons With Special Educational Needs"
"830","Teaching Of Students With Emotional & Behavioural Difficulties"
"3375","Teaching Of Students With Emotional & Behavioural Difficulties"
"832","Teaching Of Students With English As A Second Language (TESOL)"
"3377","Teaching Of Students With English As A Second Language (TESOL)"
"827","Teaching Of Students With Specific Learning Difficulties / Needs"
"3372","Teaching Of Students With Specific Learning Difficulties / Needs"
"783","Teaching Resources & Education"
"3328","Teaching Resources & Education"
"833","Teaching Skills & Techniques"
"3378","Teaching Skills & Techniques"
"802","Teaching Staff"
"3347","Teaching Staff"
"3017","Teams & Clubs"
"1711","Technical Design"
"251","Technical Writing"
"211","Techniques Of Music / Music Tutorials"
"3326","Techniques Of Music / Music Tutorials"
"2581","Technology"
"1708","Technology & Engineering"
"1709","Technology: General Issues"
"2801","Teenagers: Advice For Parents"
"1288","Telemedicine"
"1806","Telephone Technology"
"142","Television"
"3257","Television"
"2515","Television & Film"
"143","Television Scripts & Screenplays"
"3258","Television Scripts & Screenplays"
"144","Television Soap Operas"
"3259","Television Soap Operas"
"1808","Television Technology"
"3040","Tennis"
"1428","Terminal Care Nursing"
"888","Terrorism, Armed Struggle"
"890","Terrorist Attack"
"1768","Testing Of Materials"
"1743","Textile & Fibre Technology"
"64","Textile Artworks"
"65","Textile Artworks: Carpets & Rugs"
"66","Textile Artworks: Tapestries, Hangings & Quilts"
"106","Textile Design & Theory"
"2612","The Environment"
"2483","The Senses"
"128","Theatre Direction & Production"
"130","Theatre Management"
"125","Theatre Studies"
"126","Theatre: Individual Actors & Directors"
"129","Theatre: Technical & Background Skills"
"3109","Theme Parks & Funfairs"
"3217","Theology"
"1534","Theoretical & Mathematical Astronomy"
"108","Theory Of Architecture"
"166","Theory Of Music & Musicology"
"3281","Theory Of Music & Musicology"
"895","Theory Of Warfare & Military Science"
"3238","Theosophy & Anthroposophy"
"1396","Therapy & Therapeutics"
"1589","Thermochemistry & Chemical Thermodynamics"
"1555","Thermodynamics & Heat"
"244","Thesauri"
"339","Thriller Books"
"2492","Thriller Books for Children"
"2620","Thrillers"
"3185","Tibetan Buddhism"
"1744","Timber & Wood Processing"
"2480","Time & Seasons"
"1540","Time (chronology), Time Systems & Standards"
"993","Time Management"
"2566","Times Tables"
"3099","Tips & Advice"
"1388","Tomography"
"1775","Tool Making"
"1505","Topology"
"1270","Torts / Delicts"
"2468","Touch & Feel Books"
"1072","Tourism Industry"
"1608","Toxicology (non-medical)"
"2953","Toys: Making & Decorating"
"3049","Track & Field Sports, Athletics"
"946","Trade Agreements"
"2760","Trade Agreements"
"1094","Trade Unions"
"1241","Trademarks Law"
"2497","Traditional"
"2837","Traditional Medicine & Herbal Remedies"
"3019","Training & Coaching"
"2974","Trains & Railways"
"1797","Transistors"
"268","Translation & Interpretation"
"1136","Transnational Commercial Law"
"1413","Transplant Surgery"
"1059","Transport Industries"
"1219","Transport Law"
"1707","Transport Planning & Policy"
"1842","Transport Technology & Trades"
"2967","Transportation Books"
"2536","Transportation Books for Children"
"1380","Trauma & Shock"
"3098","Travel & Holiday Guides"
"3118","Travel Maps"
"3116","Travel Maps & Atlases"
"3104","Travel With Children / Family Holidays"
"3112","Travel Writing"
"1119","Treaties & Other Sources Of International Law"
"3008","Trees, Wildflowers & Plants"
"3214","Tribal Religions"
"1756","Tribology (friction & Lubrication)"
"1498","Trigonometry"
"1892","Tropical Agriculture: Practice & Techniques"
"1394","Tropical Medicine"
"235","True Crime Biographies"
"3386","True Crime Books"
"238","True Stories Of Heroism, Endurance & Survival"
"2507","True Stories for Children"
"236","True Stories: Discovery / Historical / Scientific"
"234","True Story Books"
"237","True War  & Combat Stories"
"95","Typography & Lettering"
"2849","UFOs & Extraterrestrial Beings"
"2551","UFOs & Extraterrestrial Beings (Children's/YA)"
"1975","UNIX"
"1385","Ultrasonics"
"2848","Unexplained Phenomena / The Paranormal"
"2008","Unified Modeling Language (UML)"
"918","Uniforms & Insignia"
"871","United Nations & UN Agencies"
"817","Universities"
"3362","Universities"
"1705","Urban & Municipal Planning"
"682","Urban Communities"
"953","Urban Economics"
"2767","Urban Economics"
"1355","Urology & Urogenital Medicine"
"245","Usage & Grammar Guides"
"2077","User Interface Design & Usability"
"1961","Utilities & Tools"
"159","Variety Shows, Music Hall, Cabaret"
"3274","Variety Shows, Music Hall, Cabaret"
"1407","Vascular Surgery"
"2865","Vegetarian Cookery"
"2475","Verse"
"1472","Veterinary Anaesthetics"
"1464","Veterinary Anatomy & Physiology"
"1468","Veterinary Bacteriology, Virology, Parasitology"
"1458","Veterinary Medicine"
"1463","Veterinary Medicine: Exotic & Zoo Animals"
"1467","Veterinary Medicine: Infectious Diseases & Therapeutics"
"1462","Veterinary Medicine: Laboratory Animals"
"1460","Veterinary Medicine: Large Animals (domestic / Farm)"
"1459","Veterinary Medicine: Small Animals (pets)"
"1474","Veterinary Nursing"
"1466","Veterinary Nutrition"
"1465","Veterinary Pathology & Histology"
"1469","Veterinary Pharmacology"
"1471","Veterinary Surgery"
"90","Video Photography"
"2692","Vietnam War"
"337","Vintage Crime"
"2618","Vintage Crime"
"649","Violence In Society"
"1616","Virology (non-medical)"
"2074","Virtual Reality"
"1895","Viticulture"
"1653","Volcanology & Seismology"
"3046","Volleyball"
"1809","WAP (wireless) Technology"
"2054","WAP Networking & Applications"
"3092","Walking, Hiking, Trekking"
"2614","War & Conflict"
"906","War & Defence Operations"
"922","War Crimes"
"894","Warfare & Defence"
"1693","Waste Management"
"1837","Waste Treatment & Disposal"
"1046","Water Industries"
"3065","Water Sports & Recreations"
"1840","Water Supply & Treatment"
"44","Watercolours"
"1546","Wave Mechanics (vibration & Acoustics)"
"909","Weapons & Equipment"
"3011","Weather"
"1939","Web Graphics & Design"
"2004","Web Programming"
"2005","Web Services"
"2914","Weddings, Wedding Planners"
"3053","Weightlifting"
"723","Welfare & Benefit Systems"
"951","Welfare Economics"
"2765","Welfare Economics"
"170","Western Classical Music"
"3285","Western Classical Music"
"2728","Western Philosophy, From C 1900 -"
"2724","Western Philosophy: Ancient, To C 500"
"2726","Western Philosophy: C 1600 To C 1900"
"2727","Western Philosophy: Enlightenment"
"2725","Western Philosophy: Medieval & Renaissance, C 500 To C 1600"
"349","Westerns"
"1671","Wetlands, Swamps, Fens"
"2526","Wildlife"
"2992","Wildlife: Aquatic Creatures"
"2988","Wildlife: Birds & Birdwatching"
"2991","Wildlife: Butterflies, Other Insects & Spiders"
"2987","Wildlife: General Interest"
"2989","Wildlife: Mammals"
"2990","Wildlife: Reptiles & Amphibians"
"1274","Wills & Probate / Succession"
"208","Wind Instruments"
"3323","Wind Instruments"
"1967","Windows 2000"
"1965","Windows 2003"
"1968","Windows NT"
"1964","Windows Vista"
"1966","Windows XP"
"2887","Wines"
"3080","Winter Sports"
"2857","Witchcraft & Wicca"
"2552","Witches & Ghosts (Children's/YA)"
"2775","Women's Health"
"1928","Word Processing Software"
"2520","Work"
"1032","Working Patterns & Practices"
"386","World Atlases / World Maps"
"3388","World Atlases / World Maps"
"3026","World Cup"
"196","World Music"
"3311","World Music"
"2687","World War 1 Books"
"2689","World War 2 Books"
"347","World War 2 Fiction"
"3221","Worship, Rites & Ceremonies"
"3076","Wrestling"
"249","Writing & Editing Guides"
"282","Writing Skills"
"266","Writing Systems, Alphabets"
"384","Yearbooks, Annuals, Almanacs"
"3186","Zen Buddhism"
"1628","Zoology & Animal Sciences"
"1634","Zoology: Invertebrates"
"1644","Zoology: Mammals"
"1639","Zoology: Vertebrates"
"3007","Zoos & Wildlife Parks"
